{"cameraMode":{"drawMode":0,"name":"Shaded","section":"Shading Mode"},"sceneLighting":true,"audioPlay":false,"sceneViewState":{"showFog":true,"showMaterialUpdate":false,"showSkybox":true,"showFlares":true,"showImageEffects":true,"showParticleSystems":true,"showVisualEffectGraphs":true,"m_FxEnabled":true},"in2DMode":false,"pivot":{"x":-16.444398880004884,"y":1.7028720378875733,"z":6.279604911804199},"rotation":{"x":0.06591276824474335,"y":0.03860103711485863,"z":-0.002556322142481804,"w":0.9970908761024475},"size":19.6118221282959,"orthographic":false}