{"cameraMode":{"drawMode":0,"name":"Shaded","section":"Shading Mode"},"sceneLighting":true,"audioPlay":false,"sceneViewState":{"showFog":true,"showMaterialUpdate":false,"showSkybox":true,"showFlares":true,"showImageEffects":true,"showParticleSystems":true,"showVisualEffectGraphs":true,"m_FxEnabled":true},"in2DMode":false,"pivot":{"x":-1.5432605743408204,"y":-1.9957749843597413,"z":7.389608860015869},"rotation":{"x":-0.2707860469818115,"y":-0.0031798286363482477,"z":0.0008934239740483463,"w":-0.9626394510269165},"size":11.335887908935547,"orthographic":false}